{
  "version": 1,
  "n_bins": 10,
  "features": {
    "txn_count": {
      "edges": [
        1.0,
        1.000000001,
        1.0000000020000002,
        1.0000000030000002,
        1.0000000040000003,
        1.0000000050000004,
        1.0000000060000005,
        1.0000000070000006,
        1.0000000080000007,
        2.0,
        6.0
      ],
      "expected": [
        0.8423095927154656,
        0.0,
        0.0,
        0.0,
        0.0,
        0.0,
        0.0,
        0.0,
        0.0,
        0.15769040728453448
      ]
    },
    "total_amount": {
      "edges": [
        0.0,
        6.24,
        13.21,
        21.17,
        30.29,
        41.1,
        54.17,
        71.07,
        94.86,
        135.17,
        982.26
      ],
      "expected": [
        0.09985206230441637,
        0.10004911649137667,
        0.10002999929413425,
        0.10006088092044893,
        0.0999770593633091,
        0.09994911884426248,
        0.10007117479588716,
        0.09998882379238136,
        0.10001088209689184,
        0.10001088209689184
      ]
    },
    "avg_amount": {
      "edges": [
        0.0,
        6.06,
        12.52,
        19.54,
        27.31,
        36.23,
        46.915,
        60.44,
        79.255,
        111.39,
        656.62
      ],
      "expected": [
        0.09987853226982894,
        0.09999176489964942,
        0.10007117479588716,
        0.10003735206230442,
        0.09997558880967507,
        0.10004323427684055,
        0.1000005882214536,
        0.1000005882214536,
        0.09998000047057716,
        0.10002117597233007
      ]
    },
    "distinct_merchants": {
      "edges": [
        1.0,
        1.000000001,
        1.0000000020000002,
        1.0000000030000002,
        1.0000000040000003,
        1.0000000050000004,
        1.0000000060000005,
        1.0000000070000006,
        1.0000000080000007,
        2.0,
        6.0
      ],
      "expected": [
        0.8423154749300017,
        0.0,
        0.0,
        0.0,
        0.0,
        0.0,
        0.0,
        0.0,
        0.0,
        0.15768452506999836
      ]
    },
    "distinct_devices": {
      "edges": [
        1.0,
        1.000000001,
        1.0000000020000002,
        1.0000000030000002,
        1.0000000040000003,
        1.0000000050000004,
        1.0000000060000005,
        1.0000000070000006,
        1.0000000080000007,
        2.0,
        6.0
      ],
      "expected": [
        0.8423110632690995,
        0.0,
        0.0,
        0.0,
        0.0,
        0.0,
        0.0,
        0.0,
        0.0,
        0.15768893673090045
      ]
    },
    "had_fraud_today": {
      "edges": [
        0.0,
        1e-09,
        2e-09,
        3.0000000000000004e-09,
        4e-09,
        5e-09,
        6e-09,
        7e-09,
        8e-09,
        9.000000000000001e-09,
        1.0
      ],
      "expected": [
        0.9416351968188984,
        0.0,
        0.0,
        0.0,
        0.0,
        0.0,
        0.0,
        0.0,
        0.0,
        0.05836480318110162
      ]
    }
  },
  "generated_at_utc": "2026-03-06T20:40:24.035968+00:00",
  "model_version": "lgbm_nextday_20260306_204010",
  "train_start_date": null,
  "train_end_date": null
}