{
  "version": 1,
  "n_bins": 10,
  "features": {
    "txn_count": {
      "edges": [
        1.0,
        1.000000001,
        1.0000000020000002,
        1.0000000030000002,
        1.0000000040000003,
        1.0000000050000004,
        1.0000000060000005,
        1.0000000070000006,
        1.0000000080000007,
        2.0,
        6.0
      ],
      "expected": [
        0.8423095927154656,
        0.0,
        0.0,
        0.0,
        0.0,
        0.0,
        0.0,
        0.0,
        0.0,
        0.15769040728453448
      ]
    },
    "total_amount": {
      "edges": [
        0.0,
        6.24,
        13.21,
        21.17,
        30.29,
        41.1,
        54.17,
        71.07,
        94.86,
        135.17,
        982.26
      ],
      "expected": [
        0.09985206230441637,
        0.10004911649137667,
        0.10002999929413425,
        0.10006088092044893,
        0.0999770593633091,
        0.09994911884426248,
        0.10007117479588716,
        0.09998882379238136,
        0.10001088209689184,
        0.10001088209689184
      ]
    },
    "avg_amount": {
      "edges": [
        0.0,
        6.06,
        12.52,
        19.54,
        27.31,
        36.23,
        46.915,
        60.44,
        79.255,
        111.39,
        656.62
      ],
      "expected": [
        0.09987853226982894,
        0.09999176489964942,
        0.10007117479588716,
        0.10003735206230442,
        0.09997558880967507,
        0.10004323427684055,
        0.1000005882214536,
        0.1000005882214536,
        0.09998000047057716,
        0.10002117597233007
      ]
    },
    "distinct_merchants": {
      "edges": [
        1.0,
        1.000000001,
        1.0000000020000002,
        1.0000000030000002,
        1.0000000040000003,
        1.0000000050000004,
        1.0000000060000005,
        1.0000000070000006,
        1.0000000080000007,
        2.0,
        6.0
      ],
      "expected": [
        0.8423154749300017,
        0.0,
        0.0,
        0.0,
        0.0,
        0.0,
        0.0,
        0.0,
        0.0,
        0.15768452506999836
      ]
    },
    "distinct_devices": {
      "edges": [
        1.0,
        1.000000001,
        1.0000000020000002,
        1.0000000030000002,
        1.0000000040000003,
        1.0000000050000004,
        1.0000000060000005,
        1.0000000070000006,
        1.0000000080000007,
        2.0,
        6.0
      ],
      "expected": [
        0.8423110632690995,
        0.0,
        0.0,
        0.0,
        0.0,
        0.0,
        0.0,
        0.0,
        0.0,
        0.15768893673090045
      ]
    },
    "had_fraud_today": {
      "edges": [
        0.0,
        1e-09,
        2e-09,
        3.0000000000000004e-09,
        4e-09,
        5e-09,
        6e-09,
        7e-09,
        8e-09,
        9.000000000000001e-09,
        1.0
      ],
      "expected": [
        0.9416351968188984,
        0.0,
        0.0,
        0.0,
        0.0,
        0.0,
        0.0,
        0.0,
        0.0,
        0.05836480318110162
      ]
    },
    "user_device_degree": {
      "edges": [
        1.0,
        7.0,
        8.0,
        9.0,
        10.0,
        11.0,
        11.000000001,
        12.0,
        13.0,
        15.0,
        27.0
      ],
      "expected": [
        0.07359826827604056,
        0.06714989059080963,
        0.09374485306228089,
        0.11776781722782993,
        0.12701024681772194,
        0.12391326086445024,
        0.0,
        0.11135767393708383,
        0.160780040469636,
        0.12467794875414696
      ]
    },
    "user_merchant_degree": {
      "edges": [
        1.0,
        7.0,
        8.0,
        9.0,
        10.0,
        11.0,
        11.000000001,
        12.0,
        13.0,
        15.0,
        27.0
      ],
      "expected": [
        0.07369679536952072,
        0.06725577045245994,
        0.09387132067480765,
        0.11803692854285781,
        0.12705289287310886,
        0.12392796640079057,
        0.0,
        0.11139149667066657,
        0.1605829862826757,
        0.12418384273311216
      ]
    },
    "avg_device_user_degree": {
      "edges": [
        1.0,
        5.111111111111111,
        5.411764705882353,
        5.625,
        5.8125,
        6.0,
        6.166666666666667,
        6.357142857142857,
        6.583333333333333,
        6.9,
        11.0
      ],
      "expected": [
        0.09726094680125173,
        0.10229759299781181,
        0.09767270181878074,
        0.10199760005646925,
        0.08047310651514082,
        0.11828104044610716,
        0.10118291334321546,
        0.09881091033152162,
        0.09900796451848191,
        0.1030152231712195
      ]
    },
    "max_device_user_degree": {
      "edges": [
        1.0,
        8.0,
        8.000000001,
        9.0,
        9.000000001,
        10.0,
        10.000000001,
        10.000000002,
        11.0,
        12.0,
        19.0
      ],
      "expected": [
        0.07362326768781911,
        0.15828745205995154,
        0.0,
        0.2384973294746006,
        0.0,
        0.23631208677442883,
        0.0,
        0.0,
        0.15680660455048118,
        0.13647325945271876
      ]
    },
    "avg_merchant_device_degree": {
      "edges": [
        80.0,
        97.0,
        98.36363636363636,
        99.33333333333333,
        100.16666666666667,
        101.0,
        101.75,
        102.57142857142857,
        103.54545454545455,
        104.94117647058823,
        120.5
      ],
      "expected": [
        0.09759476247617703,
        0.10132555704571657,
        0.09802416413731442,
        0.10222112420884215,
        0.10024028846380086,
        0.10054763417331357,
        0.0999314722006541,
        0.09943295451871721,
        0.10064763182042775,
        0.10003441095503635
      ]
    },
    "max_merchant_device_degree": {
      "edges": [
        80.0,
        109.0,
        111.0,
        113.0,
        115.0,
        116.0,
        118.0,
        120.0,
        122.0,
        125.0,
        137.0
      ],
      "expected": [
        0.08917437236770899,
        0.06777928754617539,
        0.10029616950189407,
        0.13179395778922848,
        0.055245758923319455,
        0.13249100021175972,
        0.11262676172325357,
        0.08950083527446413,
        0.10046087150890567,
        0.12063098515329052
      ]
    }
  },
  "generated_at_utc": "2026-03-06T20:55:52.919962+00:00",
  "model_version": "lgbm_nextday_20260306_205512",
  "train_start_date": null,
  "train_end_date": null
}