{
  "version": 1,
  "n_bins": 10,
  "features": {
    "txn_count": {
      "edges": [
        1.0,
        1.000000001,
        1.0000000020000002,
        1.0000000030000002,
        1.0000000040000003,
        1.0000000050000004,
        1.0000000060000005,
        1.0000000070000006,
        1.0000000080000007,
        1.0000000090000007,
        5.0
      ],
      "expected": [
        0.9605117535083447,
        0.0,
        0.0,
        0.0,
        0.0,
        0.0,
        0.0,
        0.0,
        0.0,
        0.03948824649165523
      ]
    },
    "total_amount": {
      "edges": [
        0.0,
        5.49,
        11.66,
        18.61,
        26.64,
        36.215,
        47.79,
        62.57,
        83.71,
        119.46,
        614.81
      ],
      "expected": [
        0.09987715259639647,
        0.1000431626012661,
        0.10003762893443711,
        0.09990482093054141,
        0.10013723493735889,
        0.09992695559785736,
        0.10000442693346319,
        0.1000431626012661,
        0.10000996060029217,
        0.10001549426712117
      ]
    },
    "avg_amount": {
      "edges": [
        0.0,
        5.46,
        11.51,
        18.26,
        26.01,
        35.16,
        46.19,
        60.21,
        80.27,
        114.0,
        614.81
      ],
      "expected": [
        0.09988268626322547,
        0.10002656160077913,
        0.10003209526760813,
        0.10005422993492408,
        0.09996569126566028,
        0.10000442693346319,
        0.10002656160077913,
        0.09998229226614724,
        0.09999335959980521,
        0.10003209526760813
      ]
    },
    "max_amount": {
      "edges": [
        0.0,
        5.48,
        11.61,
        18.4830000000001,
        26.42,
        35.81,
        47.16,
        61.57,
        82.01,
        116.63,
        614.81
      ],
      "expected": [
        0.0998660852627385,
        0.10003209526760813,
        0.10010403293638497,
        0.09990482093054141,
        0.10000442693346319,
        0.10007083093541104,
        0.09996569126566028,
        0.1000431626012661,
        0.09996569126566028,
        0.1000431626012661
      ]
    },
    "amount_spike_ratio": {
      "edges": [
        0.0,
        1.0,
        1.000000001,
        1.0000000020000002,
        1.0000000030000002,
        1.0000000040000003,
        1.0000000050000004,
        1.0000000060000005,
        1.0000000070000006,
        1.0000000080000007,
        3.766810830025476
      ],
      "expected": [
        9.407233609278853e-05,
        0.960423214839081,
        0.0,
        0.0,
        0.0,
        0.0,
        0.0,
        0.0,
        0.0,
        0.039482712824826245
      ]
    },
    "distinct_merchants": {
      "edges": [
        1.0,
        1.000000001,
        1.0000000020000002,
        1.0000000030000002,
        1.0000000040000003,
        1.0000000050000004,
        1.0000000060000005,
        1.0000000070000006,
        1.0000000080000007,
        1.0000000090000007,
        5.0
      ],
      "expected": [
        0.9605117535083447,
        0.0,
        0.0,
        0.0,
        0.0,
        0.0,
        0.0,
        0.0,
        0.0,
        0.03948824649165523
      ]
    },
    "distinct_devices": {
      "edges": [
        1.0,
        1.000000001,
        1.0000000020000002,
        1.0000000030000002,
        1.0000000040000003,
        1.0000000050000004,
        1.0000000060000005,
        1.0000000070000006,
        1.0000000080000007,
        1.0000000090000007,
        5.0
      ],
      "expected": [
        0.9605117535083447,
        0.0,
        0.0,
        0.0,
        0.0,
        0.0,
        0.0,
        0.0,
        0.0,
        0.03948824649165523
      ]
    },
    "had_fraud_today": {
      "edges": [
        0.0,
        1e-09,
        2e-09,
        3.0000000000000004e-09,
        4e-09,
        5e-09,
        6e-09,
        7e-09,
        8e-09,
        9.000000000000001e-09,
        1.0
      ],
      "expected": [
        0.9474689007924211,
        0.0,
        0.0,
        0.0,
        0.0,
        0.0,
        0.0,
        0.0,
        0.0,
        0.05253109920757891
      ]
    },
    "user_device_degree": {
      "edges": [
        1.0,
        2.0,
        2.000000001,
        2.000000002,
        3.0,
        3.000000001,
        4.0,
        4.000000001,
        5.0,
        5.000000001,
        12.0
      ],
      "expected": [
        0.09878702023108593,
        0.2292708840586126,
        0.0,
        0.0,
        0.2676302625171544,
        0.0,
        0.20415910398866705,
        0.0,
        0.11451923502589756,
        0.0856334941785825
      ]
    },
    "user_merchant_degree": {
      "edges": [
        1.0,
        2.0,
        2.000000001,
        2.000000002,
        3.0,
        3.000000001,
        4.0,
        4.000000001,
        5.0,
        5.000000001,
        12.0
      ],
      "expected": [
        0.09880915489840188,
        0.22935388906104742,
        0.0,
        0.0,
        0.26771880118641816,
        0.0,
        0.20406503165257425,
        0.0,
        0.11449156669175262,
        0.08556155650980565
      ]
    },
    "avg_device_user_degree": {
      "edges": [
        1.0,
        1.3333333333333333,
        1.6666666666666667,
        1.8333333333333333,
        2.0,
        2.000000001,
        2.25,
        2.5,
        2.6666666666666665,
        3.0,
        8.0
      ],
      "expected": [
        0.07352583115675772,
        0.1204181238655983,
        0.10518947275222454,
        0.009966133959006597,
        0.22563526495196778,
        0.03155296825888707,
        0.11605206073752712,
        0.09497985745274248,
        0.06918743636283146,
        0.15349285050245695
      ]
    },
    "max_device_user_degree": {
      "edges": [
        1.0,
        2.0,
        2.000000001,
        2.000000002,
        3.0,
        3.000000001,
        3.000000002,
        4.0,
        4.000000001,
        4.000000002,
        8.0
      ],
      "expected": [
        0.06195493381734472,
        0.24778653326840497,
        0.0,
        0.0,
        0.3706118022046129,
        0.0,
        0.0,
        0.2201071317898092,
        0.0,
        0.09953959891982823
      ]
    },
    "avg_merchant_device_degree": {
      "edges": [
        9.0,
        21.0,
        22.0,
        23.0,
        23.75,
        24.5,
        25.0,
        26.0,
        26.8,
        28.0,
        45.0
      ],
      "expected": [
        0.09606998981805304,
        0.07230289078755146,
        0.10632940811899597,
        0.12143078489530303,
        0.10192460932312188,
        0.06049404577449201,
        0.1367811766789145,
        0.10366771437425296,
        0.0801551640178848,
        0.12084421621143034
      ]
    },
    "max_merchant_device_degree": {
      "edges": [
        9.0,
        23.0,
        25.0,
        26.0,
        27.0,
        28.0,
        29.0,
        31.0,
        32.0,
        34.0,
        45.0
      ],
      "expected": [
        0.07751007127362876,
        0.09126123334366285,
        0.06615498694054628,
        0.07667448758245164,
        0.10251117800699455,
        0.08877108327061844,
        0.1931969100004427,
        0.0820255434060826,
        0.11474611536588605,
        0.10714839080968613
      ]
    },
    "avg_device_fraud_rate": {
      "edges": [
        0.0,
        1e-09,
        2e-09,
        3.0000000000000004e-09,
        4e-09,
        5e-09,
        6e-09,
        7e-09,
        0.1,
        0.16666666666666666,
        1.0
      ],
      "expected": [
        0.7050168223471601,
        0.0,
        0.0,
        0.0,
        0.0,
        0.0,
        0.0,
        0.09029284164859003,
        0.07319934481384745,
        0.13149099119040242
      ]
    },