{
  "generated_at_utc": "2026-03-10T19:42:20.021421+00:00",
  "train_start_date": null,
  "train_end_date": null,
  "model_type": "lightgbm_lgbmclassifier",
  "model_version": "lgbm_nextday_v2",
  "rows_total": 225891,
  "rows_train": 180712,
  "rows_test": 45179,
  "positive_rate": 0.004019637789907522,
  "scale_pos_weight": 247.9146005509642,
  "precision@0.5": 0.015402843601895734,
  "recall@0.5": 0.21428571428571427,
  "f1@0.5": 0.028739867354458364,
  "roc_auc": 0.8667914246786171,
  "pr_auc": 0.016239950725443753,
  "best_threshold_by_f1": {
    "thr": 0.027950120666586968,
    "precision": 0.018743109151047408,
    "recall": 0.8406593406593407,
    "f1": 0.03666866387058119
  },
  "threshold_by_recall_target": {
    "recall_target": 0.95,
    "thr": 2.617267720533706e-05,
    "precision": 0.012148023312969596,
    "recall": 0.9505494505494505,
    "f1": 0.02398946127712681
  },
  "threshold_by_precision_target": {
    "precision_target": 0.2,
    "thr": null,
    "precision": null,
    "recall": null,
    "f1": null,
    "note": "No threshold achieves precision target on this eval set."
  },
  "features": [
    "txn_count",
    "total_amount",
    "avg_amount",
    "max_amount",
    "amount_spike_ratio",
    "distinct_merchants",
    "distinct_devices",
    "had_fraud_today",
    "user_device_degree",
    "user_merchant_degree",
    "avg_device_user_degree",
    "max_device_user_degree",
    "avg_merchant_device_degree",
    "max_merchant_device_degree",
    "avg_device_fraud_rate",
    "max_device_fraud_rate"
  ],
  "feature_importance_gain": {
    "txn_count": 2296.8121728897095,
    "total_amount": 327437.62117528915,
    "avg_amount": 257639.88052511215,
    "max_amount": 132225.57804393768,
    "amount_spike_ratio": 15138.02570104599,
    "distinct_merchants": 204.60480499267578,
    "distinct_devices": 0.0,
    "had_fraud_today": 405690.7914862633,
    "user_device_degree": 127353.39661312103,
    "user_merchant_degree": 373949.5509772301,
    "avg_device_user_degree": 259703.30306196213,
    "max_device_user_degree": 53833.126766204834,
    "avg_merchant_device_degree": 409586.38076353073,
    "max_merchant_device_degree": 424313.82237005234,
    "avg_device_fraud_rate": 12902437.963698864,
    "max_device_fraud_rate": 738444.7286877632
  }
}